* ******************************************************************************

* iCEcube Pin Table

* Version:            2016.02.27810

* Build Date:         Jan 28 2016 17:38:31

* File Generated:     Sep 28 2016 09:49:29

* Purpose:            Detailed IO and package pin info

* Copyright (C) 2006-2010 by Lattice Semiconductor Corp. All rights reserved.

* ******************************************************************************

Device, iCE40UP5K
Package, CM225

Pin Number, Pin Type Name, Signal Name, Direction, Global Buffer, IO Standard, Pull Up, Pullup resistor, Weak Pull Up, IO Function, IO Bank, Drive Strength 
---------------, ---------------, ---------------, ---------------, ---------------, ---------------, ---------------, ---------------, ---------------, ---------------, 
A3, VCCIO_0, not used, , , , , , topBank, 
A4, GND, not used, , , , , , UnknownBank, 
A5, PIO_GBIN, not used, , , , , , bottomBank, 
A6, PIO, not used, , , , , , bottomBank, 
A7, PIO_GBIN, not used, , , , , , topBank, 
A8, PIO, not used, , , , , , topBank, 
A9, PIO, not used, , , , , , topBank, 
A12, GND, not used, , , , , , UnknownBank, 
A13, VCCIO_0, not used, , , , , , topBank, 
A14, VCC, not used, , , , , , UnknownBank, 
A15, PIO, not used, , , , , , bottomBank, 
B1, PIO_GBIN, RST, Input, glb Buff, SB_LVCMOS, No Pull Up, , , Simple Input, topBank, x1
B3, PIO_I3C, read_done, Output, , SB_LVCMOS, No Pull Up, , , Simple Output, topBank, x1
B4, PIO_I3C, not used, , , , , , topBank, 
B5, PIO, I2C2_SCL_master, InOut, , SB_LVCMOS, No Pull Up, , , Simple Input Output Tristatable by Enable, topBank, x1
B6, POR_test, not used, , , , , , UnknownBank, 
B8, PIO, not used, , , , , , bottomBank, 
B9, PIO, not used, , , , , , topBank, 
C2, PIO, not used, , , , , , topBank, 
C5, PIO_RGB, not used, , , , , , topBank, 
C6, PIO, not used, , , , , , topBank, 
C8, PIO, not used, , , , , , bottomBank, 
C9, PIO, stop, Output, , SB_LVCMOS, No Pull Up, , , Simple Output, topBank, x1
D3, PIO, not used, , , , , , bottomBank, 
D6, PIO, not used, , , , , , topBank, 
D7, PIO, I2C2_SDA_master, InOut, , SB_LVCMOS, No Pull Up, , , Simple Input Output Tristatable by Enable, topBank, x1
D8, PIO_GBIN, not used, , , , , , bottomBank, 
D12, VPP, not used, , , , , , topBank, 
E1, VDDIO_SPI, not used, , , , , , bottomBank, 
E5, PIO, not used, , , , , , bottomBank, 
E7, AGND_TOP, not used, , , , , , UnknownBank, 
E8, AVDD_TOP, not used, , , , , , UnknownBank, 
E12, VPP, not used, , , , , , topBank, 
E15, GND, not used, , , , , , UnknownBank, 
F2, PIO, not used, , , , , , topBank, 
F3, PIO, not used, , , , , , topBank, 
F6, VCC, not used, , , , , , UnknownBank, 
F7, PIO_RGB, not used, , , , , , topBank, 
F8, VCCIO_0, not used, , , , , , topBank, 
F9, PIO, not used, , , , , , topBank, 
F10, VCC, not used, , , , , , UnknownBank, 
G6, VDDIO_SPI, not used, , , , , , bottomBank, 
G7, GND, not used, , , , , , UnknownBank, 
G8, GND, not used, , , , , , UnknownBank, 
G9, GND, not used, , , , , , UnknownBank, 
H3, PIO, not used, , , , , , bottomBank, 
H4, PIO, not used, , , , , , bottomBank, 
H7, GND, not used, , , , , , UnknownBank, 
H8, GND, not used, , , , , , UnknownBank, 
H9, GND, not used, , , , , , UnknownBank, 
H12, PIO, not used, , , , , , bottomBank, 
H15, VCC, not used, , , , , , UnknownBank, 
J1, PIO, not used, , , , , , bottomBank, 
J6, VDDIO_SPI, not used, , , , , , bottomBank, 
J7, GND, not used, , , , , , UnknownBank, 
J8, GND, not used, , , , , , UnknownBank, 
J9, GND, not used, , , , , , UnknownBank, 
J11, PIO, not used, , , , , , bottomBank, 
J13, PIO, not used, , , , , , bottomBank, 
K6, VCC, not used, , , , , , UnknownBank, 
K8, VCCIO_2, not used, , , , , , bottomBank, 
K10, VCC, not used, , , , , , UnknownBank, 
K13, PIO, not used, , , , , , bottomBank, 
K15, PIO, not used, , , , , , bottomBank, 
L2, VCC, not used, , , , , , UnknownBank, 
L6, PIO_GBIN, SBCLKi, Input, glb Buff, SB_LVCMOS, No Pull Up, , , Simple Input, bottomBank, x1
L7, PIO_RGB, not used, , , , , , topBank, 
L9, PIO, not used, , , , , , bottomBank, 
L11, SPI_SI, not used, , , , , , bottomBank, 
M5, PIO, not used, , , , , , bottomBank, 
M6, PIO, not used, , , , , , bottomBank, 
M7, PIO, not used, , , , , , bottomBank, 
M8, PIO, not used, , , , , , topBank, 
M10, CDONE, not used, , , , , , bottomBank, 
M11, SPI_SO, not used, , , , , , bottomBank, 
M12, SPI_SS_B, not used, , , , , , bottomBank, 
N1, VDDIO_SPI, not used, , , , , , bottomBank, 
N5, PIO, not used, , , , , , bottomBank, 
N6, PIO, not used, , , , , , bottomBank, 
N7, PIO, not used, , , , , , bottomBank, 
N11, CRESET_B, not used, , , , , , bottomBank, 
N12, SPI_SCK, not used, , , , , , bottomBank, 
P3, VCCIO_2, not used, , , , , , bottomBank, 
P4, PIO, not used, , , , , , bottomBank, 
P5, PIO, not used, , , , , , bottomBank, 
P6, PIO_GBIN, not used, , , , , , bottomBank, 
P8, PIO, start, Input, , SB_LVCMOS, No Pull Up, , , Simple Input, bottomBank, x1
R3, PIO, not used, , , , , , bottomBank, 
R4, PIO, not used, , , , , , bottomBank, 
R5, PIO, not used, , , , , , bottomBank, 
R6, PIO, not used, , , , , , bottomBank, 
Total Number of Used Pins, 7
